<?xml version="1.0" encoding="utf-8" ?>
<openerp>
    <data>
        
                <!-- Workflow Definition -->
        <record id="wkf_rewards" model="workflow">
            <field name="name">hr.reward.basic</field>
            <field name="osv">ids.hr.reward</field>
            <field name="on_create">True</field>
        </record>
        
        <!-- Workflow Activities (States) -->
        
        <record id="act_draft" model="workflow.activity">
            <field name="wkf_id" ref="wkf_rewards"/>
            <field name="name">draft</field>
            <field name="kind">function</field>
            <field name="action">state_draft()</field>
            <field name="flow_start">True</field>
        </record>
        
        <record id="act_confirm" model="workflow.activity">
            <field name="wkf_id" ref="wkf_rewards"/>
            <field name="name">confirm</field>
            <field name="kind">function</field>
            <field name="action">state_confirm()</field>
        </record>    
        
        <record id="act_done" model="workflow.activity">
            <field name="wkf_id" ref="wkf_rewards"/>
            <field name="name">done</field>
            <field name="kind">function</field>
            <field name="action">state_done()</field>
            <field name="flow_stop">True</field>
        </record>
        
        <record id="act_cancel" model="workflow.activity">
            <field name="wkf_id" ref="wkf_rewards"/>
            <field name="name">cancel</field>
            <field name="kind">function</field>
            <field name="action">state_cancel()</field>
            <field name="flow_stop">True</field>
        </record>
        
        <!-- Workflow Transitions -->
        
        <record id="draft2confirm" model="workflow.transition">
            <field name="act_from" ref="act_draft"/>
            <field name="act_to" ref="act_confirm"/>
            <field name="signal">signal_confirm</field>
            <field name="group_id" ref="ids_employee_confirmation.group_hr_confirmation"/>
        </record>
        
        <record id="draft2done" model="workflow.transition">
            <field name="act_from" ref="act_draft"/>
            <field name="act_to" ref="act_done"/>
            <field name="signal">signal_done</field>
            <field name="group_id" ref="ids_emp.group_business_head"/>
        </record>
             
        <record id="confirm2done" model="workflow.transition">
            <field name="act_from" ref="act_confirm"/>
            <field name="act_to" ref="act_done"/>
            <field name="signal">signal_done</field>
            <field name="group_id" ref="ids_emp.group_business_head"/>
        </record>
        
        <record id="confirm2cancel" model="workflow.transition">
            <field name="act_from" ref="act_confirm"/>
            <field name="act_to" ref="act_cancel"/>
            <field name="signal">signal_cancel</field>
            <field name="group_id" ref="ids_employee_confirmation.group_hr_confirmation"/>
        </record>
        
        <record id="confirm2cancel_bh" model="workflow.transition">
            <field name="act_from" ref="act_confirm"/>
            <field name="act_to" ref="act_cancel"/>
            <field name="signal">signal_cancel</field>
            <field name="group_id" ref="ids_emp.group_business_head"/>
        </record>
        
        

    </data>
</openerp>
