<?xml version="1.0"?>
<openerp>
  
  <data noupdate="0">
    
  <!--<record id="base.group_family_employee" model="res.groups">
        <field name="name">Employee Family</field>
        <field name="category_id" ref="base.module_category_human_resources"/>
        <field name="implied_ids" eval="[(4, ref('base.group_user'))]"/>
        <field name="comment">the user will be able to edit family information.</field>
    </record>-->  
     
    <record id="group_business_head" model="res.groups">
        <field name="name">Business Head</field>
        <field name="category_id" ref="base.module_category_human_resources"/>
        <field name="implied_ids" eval="[(4, ref('base.group_user'))]"/>
        <field name="comment">Head of the Department</field>
    </record>    
    
    <record id="group_business_pdg" model="res.groups">
        <field name="name">Business PDG</field>
        <field name="category_id" ref="base.module_category_human_resources"/>
        <field name="implied_ids" eval="[(4, ref('base.group_user'))]"/>
        <field name="comment">Head of PDG</field>
    </record>
    <record id="group_location_hr" model="res.groups">
        <field name="name">Location HR</field>
        <field name="category_id" ref="base.module_category_human_resources"/>
        <field name="implied_ids" eval="[(4, ref('base.group_user'))]"/>
        <field name="comment">Location HR</field>
    </record> 
    <record id="group_timesheet_validate" model="res.groups">
        <field name="name">Timesheet Validate</field>
        <field name="category_id" ref="base.module_category_human_resources"/>
        <field name="implied_ids" eval="[(4, ref('base.group_user'))]"/>
        <field name="comment">Timesheet Validate</field>
    </record>
    
    <record id="group_company_ideas" model="res.groups">
        <field name="name">IDEAS Group</field>
        <field name="category_id" ref="base.module_category_human_resources"/>
        <field name="implied_ids" eval="[(4, ref('base.group_user'))]"/>
        <field name="comment">IDEAS Group</field>
    </record>
    
  </data>

  <data noupdate="1">
  
    <!-- <record id="property_rule_hr_manager" model="ir.rule">
        <field name="name">IDS Manager All</field>
        <field model="ir.model" name="model_id" ref="model_hr_employee"/>
        <field name="domain_force">[(1,'=',1)]</field>
        <field name="groups" eval="[(4,ref('base.group_hr_manager'))]"/>        
    </record>
    
    <record id="property_rule_hr_employee" model="ir.rule">
        <field name="name">IDS Employee can edit own information</field>
        <field model="ir.model" name="model_id" ref="model_hr_employee"/>
        <field name="domain_force">[('user_id','=',user.id)]</field>
        <field name="groups" eval="[(4,ref('base.group_user'))]"/>        
    </record>
    
    <record id="property_rule_hr_employee_read_manager" model="ir.rule">
        <field name="name">IDS Employee Can Read Own and His Manager's Information</field>
        <field model="ir.model" name="model_id" ref="model_hr_employee"/>
        <field name="domain_force">[('child_ids','in',user.employee_ids and user.employee_ids[0].id)]</field>
        <field name="groups" eval="[(4,ref('base.group_user'))]"/>
        <field eval="1" name="perm_read"></field>
        <field eval="0" name="perm_write"></field>
        <field eval="0" name="perm_unlink"></field>
        <field eval="0" name="perm_create"></field>
    </record>
    
    <record id="property_rule_hr_employee_read_subirdinates" model="ir.rule">
        <field name="name">IDS Allow Manager to read all its subordinates</field>
        <field model="ir.model" name="model_id" ref="model_hr_employee"/>
        <field name="domain_force">['|','|','|','|',('parent_id.user_id','=',user.id),('parent_id.parent_id.user_id','=',user.id),('parent_id.parent_id.parent_id.user_id','=',user.id),('parent_id.parent_id.parent_id.parent_id.user_id','=',user.id),('parent_id.parent_id.parent_id.parent_id.parent_id.user_id','=',user.id)]</field>
        <field name="groups" eval="[(4,ref('base.group_user'))]"/>
        <field eval="1" name="perm_read"></field>
        <field eval="0" name="perm_write"></field>
        <field eval="0" name="perm_unlink"></field>
        <field eval="0" name="perm_create"></field>
    </record>
    
    <record id="property_rule_hr_family_employee" model="ir.rule">
        <field name="name">Employee : Edit own family information</field>
        <field model="ir.model" name="model_id" ref="model_ids_hr_family_detail"/>
        <field name="domain_force">[('employee_id.user_id','=',user.id)]</field>
        <field name="groups" eval="[(4,ref('base.group_user'))]"/>
    </record>    
    <record id="property_rule_hr_family_manager" model="ir.rule">
        <field name="name">Employee Manager: Edit all employee family information</field>
        <field model="ir.model" name="model_id" ref="model_ids_hr_family_detail"/>
        <field name="domain_force">[(1,'=',1)]</field>
        <field name="groups" eval="[(4,ref('base.group_hr_manager'))]"/>
    </record>
    
    <record id="pr_emergency_details_employee" model="ir.rule">
        <field name="name">Employee : Edit own emergency details</field>
        <field model="ir.model" name="model_id" ref="model_ids_hr_emergency_detail"/>
        <field name="domain_force">[('employee_id.user_id','=',user.id)]</field>
        <field name="groups" eval="[(4,ref('base.group_user'))]"/>
    </record>    
    <record id="pr_emergency_details_manager" model="ir.rule">
        <field name="name">Employee Manager: Edit all employee emergency details</field>
        <field model="ir.model" name="model_id" ref="model_ids_hr_emergency_detail"/>
        <field name="domain_force">[(1,'=',1)]</field>
        <field name="groups" eval="[(4,ref('base.group_hr_manager'))]"/>
    </record>
    
    <record id="pr_immigration_detail_employee" model="ir.rule">
        <field name="name">Employee : Edit own immigration details</field>
        <field model="ir.model" name="model_id" ref="model_ids_hr_immigration_detail"/>
        <field name="domain_force">[('employee_id.user_id','=',user.id)]</field>
        <field name="groups" eval="[(4,ref('base.group_user'))]"/>
    </record>    
    <record id="pr_immigration_detail_manager" model="ir.rule">
        <field name="name">Employee Manager: Edit all employee immigration details</field>
        <field model="ir.model" name="model_id" ref="model_ids_hr_immigration_detail"/>
        <field name="domain_force">[(1,'=',1)]</field>
        <field name="groups" eval="[(4,ref('base.group_hr_manager'))]"/>
    </record>
        
    <record id="pr_education_detail_employee" model="ir.rule">
        <field name="name">Employee : Edit own education details</field>
        <field model="ir.model" name="model_id" ref="model_ids_hr_education_detail"/>
        <field name="domain_force">[('employee_id.user_id','=',user.id)]</field>
        <field name="groups" eval="[(4,ref('base.group_user'))]"/>
    </record>    
    <record id="pr_education_detail_manager" model="ir.rule">
        <field name="name">Employee Manager: Edit all employee education details</field>
        <field model="ir.model" name="model_id" ref="model_ids_hr_education_detail"/>
        <field name="domain_force">[(1,'=',1)]</field>
        <field name="groups" eval="[(4,ref('base.group_hr_manager'))]"/>
    </record>
    
    <record id="pr_employment_detail_employee" model="ir.rule">
        <field name="name">Employee : Edit own employment details</field>
        <field model="ir.model" name="model_id" ref="model_ids_hr_employment_detail"/>
        <field name="domain_force">[('employee_id.user_id','=',user.id)]</field>
        <field name="groups" eval="[(4,ref('base.group_user'))]"/>
    </record>    
    <record id="pr_employment_detail_manager" model="ir.rule">
        <field name="name">Employee Manager: Edit all employee employment details</field>
        <field model="ir.model" name="model_id" ref="model_ids_hr_employment_detail"/>
        <field name="domain_force">[(1,'=',1)]</field>
        <field name="groups" eval="[(4,ref('base.group_hr_manager'))]"/>
    </record>
    
    <record id="pr_training_detail_employee" model="ir.rule">
        <field name="name">Employee : Edit own training details</field>
        <field model="ir.model" name="model_id" ref="model_ids_hr_training_detail"/>
        <field name="domain_force">[('employee_id.user_id','=',user.id)]</field>
        <field name="groups" eval="[(4,ref('base.group_user'))]"/>
    </record>    
    <record id="pr_training_detail_manager" model="ir.rule">
        <field name="name">Employee Manager: Edit all employee training details</field>
        <field model="ir.model" name="model_id" ref="model_ids_hr_training_detail"/>
        <field name="domain_force">[(1,'=',1)]</field>
        <field name="groups" eval="[(4,ref('base.group_hr_manager'))]"/>
    </record>
    
    <record id="pr_vehicle_detail_employee" model="ir.rule">
        <field name="name">Employee : Edit own vehicle details</field>
        <field model="ir.model" name="model_id" ref="model_ids_hr_vehicle_detail"/>
        <field name="domain_force">[('employee_id.user_id','=',user.id)]</field>
        <field name="groups" eval="[(4,ref('base.group_user'))]"/>
    </record>    
    <record id="pr_vehicle_detail_manager" model="ir.rule">
        <field name="name">Employee Manager: Edit all employee vehicle details</field>
        <field model="ir.model" name="model_id" ref="model_ids_hr_vehicle_detail"/>
        <field name="domain_force">[(1,'=',1)]</field>
        <field name="groups" eval="[(4,ref('base.group_hr_manager'))]"/>
    </record>
    
    <record id="pr_reference_detail_employee" model="ir.rule">
        <field name="name">Employee : Edit own reference details</field>
        <field model="ir.model" name="model_id" ref="model_ids_hr_reference_detail"/>
        <field name="domain_force">[('employee_id.user_id','=',user.id)]</field>
        <field name="groups" eval="[(4,ref('base.group_user'))]"/>
    </record>    
    <record id="pr_reference_detail_manager" model="ir.rule">
        <field name="name">Employee Manager: Edit all employee reference details</field>
        <field model="ir.model" name="model_id" ref="model_ids_hr_reference_detail"/>
        <field name="domain_force">[(1,'=',1)]</field>
        <field name="groups" eval="[(4,ref('base.group_hr_manager'))]"/>
    </record> -->
     
  </data>
</openerp>
