id,name,model_id:id,group_id:id,perm_read,perm_write,perm_create,perm_unlink
access_ids_hr_education_detail_user,access_ids_hr_education_detail,model_ids_hr_education_detail,base.group_user,1,1,1,1
access_ids_hr_education_detail_manager,access_ids_hr_education_detail,model_ids_hr_education_detail,base.group_hr_manager,1,1,1,1
access_ids_hr_family_detail_user,access_ids_hr_family_detail,model_ids_hr_family_detail,base.group_user,1,1,1,1
access_ids_hr_family_detail_manager,access_ids_hr_family_detail,model_ids_hr_family_detail,base.group_hr_manager,1,1,1,1
access_ids_hr_employment_detail_user,access_ids_hr_employment_detail,model_ids_hr_employment_detail,base.group_user,1,1,1,1
access_ids_hr_employment_detail_manager,access_ids_hr_employment_detail,model_ids_hr_employment_detail,base.group_hr_manager,1,1,1,1
access_ids_hr_reference_detail_user,access_ids_hr_reference_detail,model_ids_hr_reference_detail,base.group_user,1,1,1,1
access_ids_hr_reference_detail_manager,access_ids_hr_reference_detail,model_ids_hr_reference_detail,base.group_hr_manager,1,1,1,1
access_ids_hr_training_detail_user,access_ids_hr_training_detail,model_ids_hr_training_detail,base.group_user,1,1,1,1
access_ids_hr_training_detail_manager,access_ids_hr_training_detail,model_ids_hr_training_detail,base.group_hr_manager,1,1,1,1
access_ids_hr_vehicle_detail_user,access_ids_hr_vehicle_detail,model_ids_hr_vehicle_detail,base.group_user,1,1,1,1
access_ids_hr_vehicle_detail_manager,access_ids_hr_vehicle_detail,model_ids_hr_vehicle_detail,base.group_hr_manager,1,1,1,1
access_ids_hr_language_user,access_ids_hr_language,model_ids_hr_language,base.group_user,1,1,0,0
access_ids_hr_language_manager,access_ids_hr_language,model_ids_hr_language,base.group_hr_manager,1,1,1,1
access_ids_hr_religion_user,access_ids_hr_religion,model_ids_hr_religion,base.group_user,1,1,0,0
access_ids_hr_religion_manager,access_ids_hr_religion,model_ids_hr_religion,base.group_hr_manager,1,1,1,1
access_ids_hr_emergency_detail_user,access_ids_hr_emergency_detail,model_ids_hr_emergency_detail,base.group_user,1,1,1,1
access_ids_hr_emergency_detail_manager,access_ids_hr_emergency_detail,model_ids_hr_emergency_detail,base.group_hr_manager,1,1,1,1
access_ids_hr_industry_type_user,access_ids_hr_industry_type,model_ids_hr_industry_type,base.group_user,1,1,0,0
access_ids_hr_industry_type_manager,access_ids_hr_industry_type,model_ids_hr_industry_type,base.group_hr_manager,1,1,1,1
access_ids_hr_immigration_detail_user,access_ids_hr_immigration_detail,model_ids_hr_immigration_detail,base.group_user,1,1,1,1
access_ids_hr_hr_immigration_detail_manager,access_ids_hr_hr_immigration_detail,model_ids_hr_immigration_detail,base.group_hr_manager,1,1,1,1
