id,name,model_id:id,group_id:id,perm_read,perm_write,perm_create,perm_unlink
access_ids_hr_employee_separation_user,access_ids_hr_employee_separation,model_ids_hr_employee_separation,base.group_user,1,0,0,0
access_ids_hr_employee_separation_hr_manager,access_ids_hr_employee_separation,model_ids_hr_employee_separation,base.group_hr_manager,1,1,1,0
access_ids_hr_employee_separation_erp_manager,access_ids_hr_employee_separation,model_ids_hr_employee_separation,base.group_erp_manager,1,1,1,0
access_ids_hr_employee_separation_type_user,access_ids_hr_employee_separation_type,model_ids_hr_employee_separation_type,base.group_user,1,0,0,0
access_ids_hr_employee_separation_type_hr_manager,access_ids_hr_employee_separation_type,model_ids_hr_employee_separation_type,base.group_hr_manager,1,1,1,1
access_ids_hr_employee_separation_reason_user,access_ids_hr_employee_separation_reason,model_ids_hr_employee_separation_reason,base.group_user,1,0,0,0
access_ids_hr_employee_separation_reason_hr_manager,access_ids_hr_employee_separation_reason,model_ids_hr_employee_separation_reason,base.group_hr_manager,1,1,1,1
access_ids_hr_employee_separation_request_group,access_ids_hr_employee_separation,model_ids_hr_employee_separation,ids_employee_separation.group_hr_separation,1,1,1,0
access_ids_hr_employee_separation_bh,access_ids_hr_employee_separation,model_ids_hr_employee_separation,ids_emp.group_business_head,1,1,1,0
