<?xml version="1.0"?>
<openerp>
  <data>
      
    <record id="property_rule_separation_supervisor" model="ir.rule">
        <field name="name">Supervisor Separation</field>
        <field name="model_id" ref="model_ids_hr_employee_separation"/>
        <field name="domain_force">['|', ('employee_id', 'child_of', [user.employee_ids and user.employee_ids[0].id]), ('employee_id.department_id.manager_id.user_id.id', '=', user.id)]</field>
        <field name="groups" eval="[(4,ref('ids_employee_separation.group_hr_separation'))]"/>
    </record>
    
  </data>
</openerp>
