<?xml version="1.0" encoding="utf-8" ?>
<openerp>
    <data noupdate="0">
        
        <!-- Employee Separation Request/Approval User Group -->
        
        <record id="group_hr_separation" model="res.groups">
            <field name="name">Separation Request</field>
            <field name="category_id" ref="base.module_category_human_resources"/>
            <field name="users" eval="[(4, ref('base.user_root'))]"/>
            <field name="comment">the user can request/approve employee resigns</field>
        </record>
        
    </data>    
</openerp>
